{
  "config": "pop_size_m50",
  "iters_done": 500,
  "champ_r": 0.9852776385943095,
  "champ_raw": 0.9813609719276428,
  "champ_cfg": {
    "depth": 12,
    "width": 24,
    "act": "tanh",
    "ops": [
      "dual_cosine",
      "hann_blend",
      "polish",
      "mlp_seam",
      "fir3",
      "cycle_net"
    ],
    "wet": 0.8134070679848893,
    "fir": [
      0.4051317491243502,
      0.41020788587293333,
      0.06790787544142053,
      0.4276788376439247,
      0.4651861036155153
    ],
    "cell_kind": "dual_path",
    "soft_logits": [
      0.18760635722731733,
      -0.9548994108980681,
      -0.3787008107156379,
      0.46406385252483795,
      -0.45957065463081226,
      0.950733273109419,
      0.5896545366487914,
      0.6876231386718485,
      -0.423744671888063,
      -1.1803065696065125,
      0.7462347749169299,
      1.213484982344291,
      0.07470361273507875,
      0.027471706819765518,
      -1.0414407359391031
    ],
    "blocks": [
      "dual_path",
      "mlp",
      "dilated",
      "dense",
      "lstm",
      "xlstm"
    ],
    "use_adv_aux": false,
    "moe_mode": "moe_parallel"
  },
  "champ_hp": {
    "lr": 0.011983891299252519,
    "fit_steps": 62,
    "batch": 64,
    "entropy_coef": 0.001,
    "ppo_clip": 0.35,
    "adv_coef": 0.012117679905679173,
    "reward_mode": "neglog_gap"
  },
  "wall_s": 3209.8957488536835,
  "baseline_dual_cosine": 0.8165849447250366,
  "branch_best": {
    "ppo": 0.9803829193115234,
    "ga": 0.9807812571525574,
    "pbt": 0.9813609719276428,
    "nas": 0.9783278107643127,
    "combo": 0.98041832447052
  },
  "iters_since_improve": 247,
  "policy_path": "C:\\Users\\Julian\\Documents\\Programming\\github\\reeldemo\\reelsynth\\brand\\artifacts\\meta_hp_sensitivity\\pop_size_m50\\policy.pt",
  "pop": [
    {
      "cfg": {
        "depth": 12,
        "width": 24,
        "act": "tanh",
        "ops": [
          "dual_cosine",
          "hann_blend",
          "polish",
          "mlp_seam",
          "fir3",
          "cycle_net"
        ],
        "wet": 0.8134070679848893,
        "fir": [
          0.4051317491243502,
          0.41020788587293333,
          0.06790787544142053,
          0.4276788376439247,
          0.4651861036155153
        ],
        "cell_kind": "dual_path",
        "soft_logits": [
          0.18760635722731733,
          -0.9548994108980681,
          -0.3787008107156379,
          0.46406385252483795,
          -0.45957065463081226,
          0.950733273109419,
          0.5896545366487914,
          0.6876231386718485,
          -0.423744671888063,
          -1.1803065696065125,
          0.7462347749169299,
          1.213484982344291,
          0.07470361273507875,
          0.027471706819765518,
          -1.0414407359391031
        ],
        "blocks": [
          "dual_path",
          "mlp",
          "dilated",
          "dense",
          "lstm",
          "xlstm"
        ],
        "use_adv_aux": false,
        "moe_mode": "moe_parallel"
      },
      "hp": {
        "lr": 0.011983891299252519,
        "fit_steps": 62,
        "batch": 64,
        "entropy_coef": 0.001,
        "ppo_clip": 0.35,
        "adv_coef": 0.012117679905679173,
        "reward_mode": "neglog_gap"
      },
      "score": 0.9852776385943095,
      "age": 0
    },
    {
      "cfg": {
        "depth": 12,
        "width": 24,
        "act": "tanh",
        "ops": [
          "dual_cosine",
          "hann_blend",
          "polish",
          "mlp_seam",
          "fir3",
          "cycle_net",
          "classic"
        ],
        "wet": 0.8626425598650045,
        "fir": [
          0.4051317491243502,
          0.41020788587293333,
          0.06790787544142053,
          0.4276788376439247,
          0.4651861036155153
        ],
        "cell_kind": "dual_path",
        "soft_logits": [
          0.18760635722731733,
          -0.9548994108980681,
          -0.3787008107156379,
          0.46406385252483795,
          -0.45957065463081226,
          0.950733273109419,
          0.5896545366487914,
          0.6876231386718485,
          -0.423744671888063,
          -1.1803065696065125,
          0.7462347749169299,
          1.213484982344291,
          0.07470361273507875,
          0.027471706819765518,
          -1.0414407359391031
        ],
        "blocks": [
          "dual_path",
          "residual"
        ],
        "use_adv_aux": false,
        "moe_mode": "moe_parallel"
      },
      "hp": {
        "lr": 0.0022807455287987694,
        "fit_steps": 46,
        "batch": 64,
        "entropy_coef": 0.019037711301366708,
        "ppo_clip": 0.35,
        "adv_coef": 0.0,
        "reward_mode": "neglog_gap"
      },
      "score": 0.9561062184969584,
      "age": 0
    },
    {
      "cfg": {
        "depth": 12,
        "width": 32,
        "act": "tanh",
        "ops": [
          "dual_cosine",
          "hann_blend",
          "polish",
          "mlp_seam",
          "fir3",
          "cycle_net"
        ],
        "wet": 0.8134070679848893,
        "fir": [
          0.1265154654181409,
          0.22197174330379904,
          0.5502186473102841,
          0.46526131312443647,
          0.11909049112694128
        ],
        "cell_kind": "dual_path",
        "soft_logits": [
          0.18760635722731733,
          -0.9548994108980681,
          -0.3787008107156379,
          0.46406385252483795,
          -0.45957065463081226,
          0.950733273109419,
          0.5896545366487914,
          0.6876231386718485,
          -0.423744671888063,
          -1.1803065696065125,
          0.7462347749169299,
          1.213484982344291,
          0.07470361273507875,
          0.027471706819765518,
          -1.0414407359391031
        ],
        "blocks": [
          "dual_path",
          "mlp",
          "dilated",
          "dense",
          "lstm",
          "xlstm"
        ],
        "use_adv_aux": false,
        "moe_mode": "sequential"
      },
      "hp": {
        "lr": 0.013467398082020193,
        "fit_steps": 64,
        "batch": 48,
        "entropy_coef": 0.010340938820404474,
        "ppo_clip": 0.25,
        "adv_coef": 0.012707499896065295,
        "reward_mode": "abs_r"
      },
      "score": 0.9064554275067648,
      "age": 0
    },
    {
      "cfg": {
        "depth": 12,
        "width": 8,
        "act": "tanh",
        "ops": [
          "dual_cosine",
          "hann_blend",
          "polish",
          "mlp_seam",
          "fir3",
          "cycle_net"
        ],
        "wet": 0.8134070679848893,
        "fir": [
          0.4051317491243502,
          0.41020788587293333,
          0.06790787544142053,
          0.4276788376439247,
          0.4651861036155153
        ],
        "cell_kind": "soft_mix",
        "soft_logits": [
          0.18760635722731733,
          -0.9548994108980681,
          -0.3787008107156379,
          0.46406385252483795,
          -0.45957065463081226,
          0.950733273109419,
          0.5896545366487914,
          0.6876231386718485,
          -0.423744671888063,
          -1.1803065696065125,
          0.7462347749169299,
          1.213484982344291,
          0.07470361273507875,
          0.027471706819765518,
          -1.0414407359391031
        ],
        "blocks": [
          "soft_mix"
        ],
        "use_adv_aux": false,
        "moe_mode": "sequential"
      },
      "hp": {
        "lr": 0.03216923403403097,
        "fit_steps": 60,
        "batch": 64,
        "entropy_coef": 0.001,
        "ppo_clip": 0.35,
        "adv_coef": 0.0010844562778615629,
        "reward_mode": "neglog_gap"
      },
      "score": 0.9064554275067648,
      "age": 0
    },
    {
      "cfg": {
        "depth": 5,
        "width": 12,
        "act": "gelu",
        "ops": [
          "dual_cosine",
          "hann_blend",
          "skip_blend",
          "fir3"
        ],
        "wet": 0.5011666514479104,