{
  "config": "lr_p50",
  "iters_done": 500,
  "champ_r": 0.9853008248011271,
  "champ_raw": 0.9813841581344604,
  "champ_cfg": {
    "depth": 12,
    "width": 34,
    "act": "tanh",
    "ops": [
      "classic",
      "skip_blend",
      "fir5",
      "fir3"
    ],
    "wet": 0.27210083081680214,
    "fir": [
      0.41259108269545386,
      0.27402401230756,
      0.40984604426196614,
      0.40398731538335675,
      0.3739558514874119
    ],
    "cell_kind": "conv1d",
    "soft_logits": [
      0.8896251261862413,
      -0.13708385393267802,
      0.09577946134579685,
      -0.49525335652262936,
      -0.11981766414491274,
      0.5059730968477372,
      -0.944447117247942,
      0.012924730055023426,
      -0.5210349554167386,
      0.786032235419803,
      0.541430076416726,
      0.37129194502780016,
      0.3358572737608976,
      -0.29814371915016225,
      0.5115476609189977
    ],
    "blocks": [
      "conv1d",
      "moe_mix",
      "unet",
      "noise_cond",
      "mlp",
      "dense"
    ],
    "use_adv_aux": false,
    "moe_mode": "moe_parallel"
  },
  "champ_hp": {
    "lr": 0.0045000000000000005,
    "fit_steps": 64,
    "batch": 48,
    "entropy_coef": 0.005842051011692748,
    "ppo_clip": 0.35,
    "adv_coef": 0.0,
    "reward_mode": "neglog_gap"
  },
  "wall_s": 3877.239249944687,
  "baseline_dual_cosine": 0.8165849447250366,
  "branch_best": {
    "ppo": 0.9809408783912659,
    "ga": 0.9804665148258209,
    "pbt": 0.9813841581344604,
    "nas": 0.9797431826591492,
    "combo": 0.9799512922763824
  },
  "iters_since_improve": 67,
  "policy_path": "C:\\Users\\Julian\\Documents\\Programming\\github\\reeldemo\\reelsynth\\brand\\artifacts\\meta_hp_sensitivity\\lr_p50\\policy.pt",
  "pop": [
    {
      "cfg": {
        "depth": 12,
        "width": 34,
        "act": "tanh",
        "ops": [
          "classic",
          "skip_blend",
          "fir5",
          "fir3"
        ],
        "wet": 0.27210083081680214,
        "fir": [
          0.41259108269545386,
          0.27402401230756,
          0.40984604426196614,
          0.40398731538335675,
          0.3739558514874119
        ],
        "cell_kind": "conv1d",
        "soft_logits": [
          0.8896251261862413,
          -0.13708385393267802,
          0.09577946134579685,
          -0.49525335652262936,
          -0.11981766414491274,
          0.5059730968477372,
          -0.944447117247942,
          0.012924730055023426,
          -0.5210349554167386,
          0.786032235419803,
          0.541430076416726,
          0.37129194502780016,
          0.3358572737608976,
          -0.29814371915016225,
          0.5115476609189977
        ],
        "blocks": [
          "conv1d",
          "moe_mix",
          "unet",
          "noise_cond",
          "mlp",
          "dense"
        ],
        "use_adv_aux": false,
        "moe_mode": "moe_parallel"
      },
      "hp": {
        "lr": 0.0045000000000000005,
        "fit_steps": 64,
        "batch": 48,
        "entropy_coef": 0.005842051011692748,
        "ppo_clip": 0.35,
        "adv_coef": 0.0,
        "reward_mode": "neglog_gap"
      },
      "score": 0.9853008248011271,
      "age": 0
    },
    {
      "cfg": {
        "depth": 12,
        "width": 23,
        "act": "gelu",
        "ops": [
          "classic",
          "skip_blend",
          "fir5"
        ],
        "wet": 0.27210083081680214,
        "fir": [
          0.328917028733566,
          0.2548793693678114,
          0.21125112383280872,
          0.297598539673283,
          0.3278040100333724
        ],
        "cell_kind": "soft_mix",
        "soft_logits": [
          0.8896251261862413,
          -0.13708385393267802,
          0.09577946134579685,
          -0.49525335652262936,
          -0.11981766414491274,
          0.5059730968477372,
          -0.944447117247942,
          0.012924730055023426,
          -0.5210349554167386,
          0.786032235419803,
          0.541430076416726,
          0.37129194502780016,
          0.3358572737608976,
          -0.29814371915016225,
          0.5115476609189977
        ],
        "blocks": [
          "soft_mix",
          "unet",
          "noise_cond",
          "mlp",
          "dense",
          "xlstm"
        ],
        "use_adv_aux": false,
        "moe_mode": "moe_parallel"
      },
      "hp": {
        "lr": 0.0045000000000000005,
        "fit_steps": 64,
        "batch": 48,
        "entropy_coef": 0.0060812147077865765,
        "ppo_clip": 0.35,
        "adv_coef": 0.0,
        "reward_mode": "vs_nobake"
      },
      "score": 0.9054556081199646,
      "age": 0
    },
    {
      "cfg": {
        "depth": 10,
        "width": 32,
        "act": "relu",
        "ops": [
          "classic",
          "skip_blend",
          "fir5",
          "pin"
        ],
        "wet": 0.40943269584060554,
        "fir": [
          0.18357117609649065,
          0.10870350009526009,
          0.1667177023901755,
          0.42893187715820447,
          0.39988344932473074
        ],
        "cell_kind": "noise_cond",
        "soft_logits": [
          0.6615254126656726,
          0.19593487039730445,
          0.12860551407544207,
          -0.9646690845516556,
          -0.08453744145234682,
          0.49340897375183146,
          -0.7395263504795117,
          -0.2439225120474547,
          -0.15283123938328858,
          0.6463027478112234,
          0.5647137234364407,
          0.6314980144756986,
          0.32920076480154825,
          -0.49234531045457763,
          0.4329191319255483
        ],
        "blocks": [
          "noise_cond",
          "bottleneck",
          "moe_mix",
          "unet",
          "mlp",
          "dense"
        ],
        "use_adv_aux": false,
        "moe_mode": "moe_parallel"
      },
      "hp": {
        "lr": 0.0045000000000000005,
        "fit_steps": 48,
        "batch": 32,
        "entropy_coef": 0.016312459732481528,
        "ppo_clip": 0.30000000000000004,
        "adv_coef": 0.07466956318514495,
        "reward_mode": "vs_dualcosine"
      },
      "score": 0.905325860306422,
      "age": 0
    },
    {
      "cfg": {
        "depth": 12,
        "width": 34,
        "act": "tanh",
        "ops": [
          "classic",
          "skip_blend",
          "fir5",
          "fir3"
        ],
        "wet": 0.33829759494767214,
        "fir": [
          0.41259108269545386,
          0.27402401230756,
          0.40984604426196614,
          0.40398731538335675,
          0.3739558514874119
        ],
        "cell_kind": "bottleneck",
        "soft_logits": [
          0.770723634743759,
          -0.2841059819731007,
          -0.30196112492222205,
          -0.5835876170083244,
          0.3592811928686948,
          0.790377145188441,
          -0.4591912593399816,
          0.03186433188861354,
          -0.06715028003125356,
          0.36674150341218925,
          0.8490844730380527,
          0.5845444625503258,
          0.05718096800224848,
          -0.03749204021658281,
          0.09663839497268156
        ],
        "blocks": [
          "bottleneck",
          "soft_mix",
          "conv1d",
          "moe_mix",
          "unet",
          "noise_cond"
        ],
        "use_adv_aux": false,
        "moe_mode": "moe_parallel"
      },
      "hp": {
        "lr": 0.0045000000000000005,
        "fit_steps": 52,
        "batch": 48,
        "entropy_coef": 0.001,
        "ppo_clip": 0.35,
        "adv_coef": 0.0299866690346067,
        "reward_mode": "abs_r"
      },
      "score": 0.906476758817037,
      "age": 0
    },
    {
      "cfg": {
        "depth": 12,
        "width": 22,
        "act": "tanh",
        "ops": [
          "classic",
          "skip_blend",
          "fir5",
          "fir3"
        ],
        "wet": 0.2154569849754726,
        "fir": [
          0.41259108269545386,
          0.27402401230756,
          0.40984604426196614,
          0.40398731538335675,
          0.3739558514874119
        ],