{
  "config": "default",
  "iters_done": 500,
  "champ_r": 0.9912359677950541,
  "champ_raw": 0.9888193011283875,
  "champ_cfg": {
    "depth": 12,
    "width": 48,
    "act": "silu",
    "ops": [
      "soft_seam",
      "asym_wet",
      "median3",
      "hann_blend",
      "skip_blend"
    ],
    "wet": 0.05,
    "fir": [
      0.30627483041371034,
      0.4626182188475869,
      0.41186198146075864,
      0.41370216862540876,
      0.08522038032546589
    ],
    "cell_kind": "tf_split",
    "soft_logits": [
      0.997916122244263,
      0.6043061744008758,
      0.18063085093524112,
      -0.17458506476519464,
      -0.9647236246929874,
      -0.4169327931767239,
      0.35142967528988994,
      -0.013848721796064778,
      0.32028749687415514,
      1.1430854051803703,
      -0.23890348551720764,
      -0.2949719437456298,
      -0.5293005604708471,
      -0.20245709902534556,
      0.505650240740153
    ],
    "blocks": [
      "tf_split",
      "lstm",
      "mlp",
      "residual"
    ],
    "use_adv_aux": true,
    "moe_mode": "sequential"
  },
  "champ_hp": {
    "lr": 0.05592743998856427,
    "fit_steps": 64,
    "batch": 48,
    "entropy_coef": 0.001,
    "ppo_clip": 0.35,
    "adv_coef": 0.07671509574606161,
    "reward_mode": "neglog_gap"
  },
  "wall_s": 3096.0353972911835,
  "baseline_dual_cosine": 0.8165849447250366,
  "branch_best": {
    "ppo": 0.9887106418609619,
    "ga": 0.9891631901264191,
    "pbt": 0.9886272251605988,
    "nas": 0.9842224419116974,
    "combo": 0.987724632024765
  },
  "iters_since_improve": 338,
  "policy_path": "C:\\Users\\Julian\\Documents\\Programming\\github\\reeldemo\\reelsynth\\brand\\artifacts\\meta_hp_sensitivity\\default\\policy.pt",
  "pop": [
    {
      "cfg": {
        "depth": 12,
        "width": 48,
        "act": "tanh",
        "ops": [
          "soft_seam",
          "median3",
          "hann_blend",
          "skip_blend",
          "mlp_seam"
        ],
        "wet": 0.05,
        "fir": [
          0.30627483041371034,
          0.4626182188475869,
          0.41186198146075864,
          0.41370216862540876,
          0.08522038032546589
        ],
        "cell_kind": "tf_split",
        "soft_logits": [
          0.997916122244263,
          0.6043061744008758,
          0.18063085093524112,
          -0.17458506476519464,
          -0.9647236246929874,
          -0.4169327931767239,
          0.35142967528988994,
          -0.013848721796064778,
          0.32028749687415514,
          1.1430854051803703,
          -0.23890348551720764,
          -0.2949719437456298,
          -0.5293005604708471,
          -0.20245709902534556,
          0.505650240740153
        ],
        "blocks": [
          "tf_split",
          "lstm",
          "mlp",
          "residual"
        ],
        "use_adv_aux": true,
        "moe_mode": "moe_parallel"
      },
      "hp": {
        "lr": 0.030231764557776056,
        "fit_steps": 64,
        "batch": 64,
        "entropy_coef": 0.0023225662448627836,
        "ppo_clip": 0.35,
        "adv_coef": 0.06974627223524774,
        "reward_mode": "neglog_gap"
      },
      "score": 0.9119370903714498,
      "age": 0
    },
    {
      "cfg": {
        "depth": 11,
        "width": 12,
        "act": "gelu",
        "ops": [
          "skip_blend",
          "cycle_net"
        ],
        "wet": 0.6949864844588876,
        "fir": [
          0.2325140007324627,
          0.5247600801781157,
          0.18463503991632968,
          0.06860937449411393,
          0.49586292401275006
        ],
        "cell_kind": "mlp",
        "soft_logits": [
          0.25316001606544014,
          0.9220265129632073,
          -0.5723553617653383,
          -0.18262752204766008,
          -0.6418592805236716,
          0.742663072237586,
          -0.39852758527390986,
          0.5240850501079699,
          0.47519277442691354,
          -0.3775746930966064,
          0.05549378212519063,
          0.046272131176729125,
          -0.0018783075532713411,
          0.4312685013229869,
          0.31221991081589096
        ],
        "blocks": [
          "mlp"
        ],
        "use_adv_aux": false,
        "moe_mode": "sequential"
      },
      "hp": {
        "lr": 0.03444367581554654,
        "fit_steps": 60,
        "batch": 32,
        "entropy_coef": 0.008532247973981302,
        "ppo_clip": 0.30000000000000004,
        "adv_coef": 0.05317494429899457,
        "reward_mode": "vs_nobake"
      },
      "score": 0.9113035669072469,
      "age": 0
    },
    {
      "cfg": {
        "depth": 11,
        "width": 8,
        "act": "silu",
        "ops": [
          "mlp_seam",
          "hann_blend",
          "skip_blend",
          "fir3",
          "soft_seam"
        ],
        "wet": 0.8089767182442772,
        "fir": [
          0.27516769415029174,
          0.17028392845363038,
          0.4665486627871614,
          0.17037283876917647,
          0.5203014499656808
        ],
        "cell_kind": "dilated",
        "soft_logits": [
          0.9588841839230986,
          0.9124067428825855,
          -0.4153555224779979,
          0.04194531716341099,
          0.7992407987155321,
          -0.3153139924785411,
          -0.37300110610278514,
          -0.1405854244388216,
          -0.18615098752725223,
          0.038294600428588454,
          -0.48776166924894104,
          -0.3795838491832537,
          0.5556722460683146,
          0.2906972579263205,
          0.32524588860491854
        ],
        "blocks": [
          "dilated"
        ],
        "use_adv_aux": false,
        "moe_mode": "sequential"
      },
      "hp": {
        "lr": 0.1,
        "fit_steps": 48,
        "batch": 48,
        "entropy_coef": 0.001,
        "ppo_clip": 0.39999999999999997,
        "adv_coef": 0.04546413580583161,
        "reward_mode": "neglog_gap"
      },
      "score": 0.9119370903714498,
      "age": 0
    },
    {
      "cfg": {
        "depth": 12,
        "width": 48,
        "act": "silu",
        "ops": [
          "soft_seam",
          "asym_wet",
          "median3",
          "hann_blend",
          "skip_blend"
        ],
        "wet": 0.05,
        "fir": [
          0.33217775927598026,
          0.46030927078573597,
          0.3827892196596261,
          0.3726775059561277,
          0.04723525382564406
        ],
        "cell_kind": "tf_split",
        "soft_logits": [
          1.1625295475192141,
          0.5634040424437992,
          0.378641322694318,
          -0.02929289333471824,
          -0.914486208407095,
          -0.5061439189948065,
          0.30955715826905705,
          -0.166380176932371,
          0.22872463532807896,
          1.0088260294245657,
          -0.0643018136937642,
          -0.2231519780446123,
          -0.5407143475470868,
          -0.284660595186214,
          0.3085251553420869
        ],
        "blocks": [
          "tf_split",
          "lstm",
          "mlp",
          "residual"
        ],
        "use_adv_aux": true,
        "moe_mode": "sequential"
      },
      "hp": {
        "lr": 0.04721253501225878,
        "fit_steps": 64,
        "batch": 48,
        "entropy_coef": 0.0016517878289769618,
        "ppo_clip": 0.4,
        "adv_coef": 0.06092085173806913,
        "reward_mode": "vs_dualcosine"
      },
      "score": 0.990547355333964,
      "age": 0
    },
    {
      "cfg": {
        "depth": 12,
        "width": 20,
        "act": "silu",
        "ops": [
          "soft_seam",
          "asym_wet",
          "median3",
          "hann_blend",
          "skip_blend"
        ],
        "wet": 0.10863788071894157,
        "fir": [
          0.30413157258828827,
          0.5231367204163443,
          0.4549674765723776,
          0.08992065170612329,
          0.22718490315496404
        ],
        "cell_kind": "tf_split",