{
  "config": "ga_mut2_p50",
  "iters_done": 500,
  "champ_r": 0.9919369119803111,
  "champ_raw": 0.9900202453136444,
  "champ_cfg": {
    "depth": 12,
    "width": 30,
    "act": "gelu",
    "ops": [
      "pin",
      "skip_blend",
      "fir3",
      "fade_pull"
    ],
    "wet": 0.5552178517645341,
    "fir": [
      0.18645988225270765,
      0.1556338326971183,
      0.545976246561661,
      0.22709357718876838,
      0.3950653203313975
    ],
    "cell_kind": "tf_split",
    "soft_logits": [
      -0.7882377098005982,
      -0.5194596621094559,
      0.2924005060498328,
      -0.18122397451352212,
      0.1538452291356085,
      -0.09129686688202976,
      -0.1897572490097426,
      -0.18314377970699408,
      -0.8244581954952881,
      0.29320033975656873,
      0.5118019594780338,
      0.180509208742967,
      0.5509410998325874,
      0.34156087582661576,
      0.9434950348324818
    ],
    "blocks": [
      "tf_split",
      "soft_mix"
    ],
    "use_adv_aux": true,
    "moe_mode": "sequential"
  },
  "champ_hp": {
    "lr": 0.06281896231360473,
    "fit_steps": 64,
    "batch": 64,
    "entropy_coef": 0.001,
    "ppo_clip": 0.10000000000000002,
    "adv_coef": 0.048142690797284,
    "reward_mode": "abs_r"
  },
  "wall_s": 2539.355741262436,
  "baseline_dual_cosine": 0.8165849447250366,
  "branch_best": {
    "ppo": 0.9902516007423401,
    "ga": 0.9894956648349762,
    "pbt": 0.9900202453136444,
    "nas": 0.9830502569675446,
    "combo": 0.9897642731666565
  },
  "iters_since_improve": 97,
  "policy_path": "C:\\Users\\Julian\\Documents\\Programming\\github\\reeldemo\\reelsynth\\brand\\artifacts\\meta_hp_sensitivity\\ga_mut2_p50\\policy.pt",
  "pop": [
    {
      "cfg": {
        "depth": 8,
        "width": 24,
        "act": "gelu",
        "ops": [
          "edge_pin",
          "classic",
          "dual_cosine",
          "skip_blend",
          "polish",
          "hann_blend"
        ],
        "wet": 0.7747058385478168,
        "fir": [
          0.2183831872735813,
          0.4954921115494541,
          0.11269830487874101,
          0.4300473337762288,
          0.1589240120508565
        ],
        "cell_kind": "dilated",
        "soft_logits": [
          0.26470905865261507,
          -0.9003747132344797,
          0.5117223096285066,
          0.6963946154937211,
          0.8074354553004957,
          0.30858472736747067,
          -0.9479587411651709,
          0.7048327073491159,
          -0.27140751713784983,
          0.5985518780057422,
          0.9887609397276758,
          -0.4045250654787005,
          0.4131773199700606,
          0.6889802265622875,
          -0.2742177623603701
        ],
        "blocks": [
          "dilated",
          "moe_mix"
        ],
        "use_adv_aux": false,
        "moe_mode": "moe_parallel"
      },
      "hp": {
        "lr": 0.031271726600413476,
        "fit_steps": 52,
        "batch": 48,
        "entropy_coef": 0.009287460784892091,
        "ppo_clip": 0.05000000000000002,
        "adv_coef": 0.06395111026795922,
        "reward_mode": "neglog_gap"
      },
      "score": 0.9122581393496195,
      "age": 0
    },
    {
      "cfg": {
        "depth": 10,
        "width": 16,
        "act": "tanh",
        "ops": [
          "skip_blend",
          "fir3",
          "soft_seam"
        ],
        "wet": 0.95,
        "fir": [
          0.2862472216838778,
          0.5175039589331887,
          0.1735645061497747,
          0.12569125541881263,
          0.46038555349884586
        ],
        "cell_kind": "tf_split",
        "soft_logits": [
          -0.14623224701649917,
          -0.5988977001239448,
          0.49712849129288306,
          -0.41496425163794437,
          -0.9701820563070003,
          0.12120692757036133,
          -0.5903967491434435,
          0.8353038912688311,
          -0.4235282372656688,
          0.12440294427830056,
          1.1066087045386679,
          -0.3806318311206759,
          -0.8238897874384343,
          0.26158177554613316,
          0.5128269197044604
        ],
        "blocks": [
          "tf_split"
        ],
        "use_adv_aux": true,
        "moe_mode": "sequential"
      },
      "hp": {
        "lr": 0.03327071118108316,
        "fit_steps": 56,
        "batch": 48,
        "entropy_coef": 0.001,
        "ppo_clip": 0.15000000000000002,
        "adv_coef": 0.06666351422047592,
        "reward_mode": "vs_nobake"
      },
      "score": 0.9122581393496195,
      "age": 0
    },
    {
      "cfg": {
        "depth": 11,
        "width": 48,
        "act": "tanh",
        "ops": [
          "skip_blend",
          "fir3",
          "soft_seam"
        ],
        "wet": 0.95,
        "fir": [
          0.2862472216838778,
          0.5175039589331887,
          0.1735645061497747,
          0.12569125541881263,
          0.46038555349884586
        ],
        "cell_kind": "tf_split",
        "soft_logits": [
          0.1308403152482811,
          -0.5396461757700195,
          0.9804539351315336,
          -0.14523818591086712,
          -0.604110278562275,
          0.0001683969033738908,
          -0.6876118337767829,
          0.38901601217278414,
          -0.10250153311752852,
          0.020890038891234308,
          0.6935153131499963,
          0.004664557288597049,
          -0.681237644207543,
          0.21246926535033617,
          0.9447278605666678
        ],
        "blocks": [
          "tf_split"
        ],
        "use_adv_aux": false,
        "moe_mode": "moe_parallel"
      },
      "hp": {
        "lr": 0.1,
        "fit_steps": 64,
        "batch": 48,
        "entropy_coef": 0.003025976465693272,
        "ppo_clip": 0.15000000000000002,
        "adv_coef": 0.08237151397834429,
        "reward_mode": "neglog_gap"
      },
      "score": 0.9913460209369659,
      "age": 0
    },
    {
      "cfg": {
        "depth": 12,
        "width": 30,
        "act": "relu",
        "ops": [
          "pin",
          "skip_blend",
          "fir3",
          "fade_pull"
        ],
        "wet": 0.5552178517645341,
        "fir": [
          0.5339662487135237,
          0.21547151330854075,
          0.23586181874957196,
          0.25181999646080844,
          0.21856378760740813
        ],
        "cell_kind": "tf_split",
        "soft_logits": [
          -0.7882377098005982,
          -0.5194596621094559,
          0.2924005060498328,
          -0.18122397451352212,
          0.1538452291356085,
          -0.09129686688202976,
          -0.1897572490097426,
          -0.18314377970699408,
          -0.8244581954952881,
          0.29320033975656873,
          0.5118019594780338,
          0.180509208742967,
          0.5509410998325874,
          0.34156087582661576,
          0.9434950348324818
        ],
        "blocks": [
          "tf_split",
          "soft_mix",
          "unet"
        ],
        "use_adv_aux": false,
        "moe_mode": "sequential"
      },
      "hp": {
        "lr": 0.1,
        "fit_steps": 64,
        "batch": 48,
        "entropy_coef": 0.00599490799702117,
        "ppo_clip": 0.10000000000000002,
        "adv_coef": 0.04492389815498021,
        "reward_mode": "abs_r"
      },
      "score": 0.9125819590218862,
      "age": 0
    },
    {
      "cfg": {
        "depth": 10,
        "width": 48,
        "act": "tanh",
        "ops": [
          "skip_blend",
          "fir3",
          "soft_seam"
        ],
        "wet": 0.95,
        "fir": [
          0.2862472216838778,
          0.5175039589331887,
          0.1735645061497747,
          0.12569125541881263,
          0.46038555349884586
        ],
        "cell_kind": "tf_split",