{
  "config": "entropy_m50",
  "iters_done": 500,
  "champ_r": 0.9905329777399698,
  "champ_raw": 0.9891163110733032,
  "champ_cfg": {
    "depth": 9,
    "width": 30,
    "act": "tanh",
    "ops": [
      "dual_cosine",
      "fir5",
      "hann_blend",
      "mlp_seam",
      "fade_pull",
      "skip_blend"
    ],
    "wet": 0.08232388314596187,
    "fir": [
      0.1273231746271527,
      0.1635112964300555,
      0.369335103762325,
      0.45106226917633274,
      0.4647230309440002
    ],
    "cell_kind": "tf_split",
    "soft_logits": [
      0.4504879481394549,
      -0.21797885531262978,
      0.7029670754227277,
      0.2573861260554281,
      -0.5004932265709036,
      0.9354953623210649,
      -0.009169444273353283,
      -0.7422381512252549,
      -0.23232179964525926,
      0.5052892395643395,
      -0.7485410693025771,
      -0.23348519235154552,
      0.3465866330510757,
      -0.8388997787287987,
      -1.0432136795050035
    ],
    "blocks": [
      "tf_split",
      "residual"
    ],
    "use_adv_aux": true,
    "moe_mode": "sequential"
  },
  "champ_hp": {
    "lr": 0.07937781114102872,
    "fit_steps": 64,
    "batch": 64,
    "entropy_coef": 0.01,
    "ppo_clip": 0.05,
    "adv_coef": 0.023922663638154283,
    "reward_mode": "vs_dualcosine"
  },
  "wall_s": 2625.781777858734,
  "baseline_dual_cosine": 0.8165849447250366,
  "branch_best": {
    "ppo": 0.9879446625709534,
    "ga": 0.989271879196167,
    "pbt": 0.9891335964202881,
    "nas": 0.9890859127044678,
    "combo": 0.9869857132434845
  },
  "iters_since_improve": 43,
  "policy_path": "C:\\Users\\Julian\\Documents\\Programming\\github\\reeldemo\\reelsynth\\brand\\artifacts\\meta_hp_sensitivity\\entropy_m50\\policy.pt",
  "pop": [
    {
      "cfg": {
        "depth": 9,
        "width": 30,
        "act": "tanh",
        "ops": [
          "dual_cosine",
          "fir5",
          "hann_blend",
          "mlp_seam",
          "fade_pull",
          "skip_blend"
        ],
        "wet": 0.08232388314596187,
        "fir": [
          0.1273231746271527,
          0.1635112964300555,
          0.369335103762325,
          0.45106226917633274,
          0.4647230309440002
        ],
        "cell_kind": "tf_split",
        "soft_logits": [
          0.4504879481394549,
          -0.21797885531262978,
          0.7029670754227277,
          0.2573861260554281,
          -0.5004932265709036,
          0.9354953623210649,
          -0.009169444273353283,
          -0.7422381512252549,
          -0.23232179964525926,
          0.5052892395643395,
          -0.7485410693025771,
          -0.23348519235154552,
          0.3465866330510757,
          -0.8388997787287987,
          -1.0432136795050035
        ],
        "blocks": [
          "tf_split",
          "residual"
        ],
        "use_adv_aux": true,
        "moe_mode": "sequential"
      },
      "hp": {
        "lr": 0.07937781114102872,
        "fit_steps": 64,
        "batch": 64,
        "entropy_coef": 0.01,
        "ppo_clip": 0.05,
        "adv_coef": 0.023922663638154283,
        "reward_mode": "vs_dualcosine"
      },
      "score": 0.9905329777399698,
      "age": 0
    },
    {
      "cfg": {
        "depth": 10,
        "width": 34,
        "act": "silu",
        "ops": [
          "dual_cosine",
          "mlp_seam",
          "fade_pull",
          "hann_blend",
          "skip_blend",
          "polish",
          "fir5"
        ],
        "wet": 0.05,
        "fir": [
          0.2690966667312473,
          0.2354013948244494,
          0.20608141340728736,
          0.2552357187579546,
          0.08628711099756693
        ],
        "cell_kind": "tf_split",
        "soft_logits": [
          0.523944587694704,
          -0.04341362334376203,
          0.8836774676464758,
          0.2567606262020663,
          -0.3020015956510963,
          0.8269390586330709,
          0.10485180246732231,
          -0.638542491730183,
          -0.11118552293000525,
          0.6978658700412673,
          -0.6703508561396959,
          -0.15415039674828285,
          0.2520405936320566,
          -0.9538004936895754,
          -0.9706319174447741
        ],
        "blocks": [
          "tf_split"
        ],
        "use_adv_aux": true,
        "moe_mode": "sequential"
      },
      "hp": {
        "lr": 0.057644169508451436,
        "fit_steps": 64,
        "batch": 64,
        "entropy_coef": 0.01,
        "ppo_clip": 0.05,
        "adv_coef": 0.02896730130078934,
        "reward_mode": "neglog_gap"
      },
      "score": 0.9900845063527425,
      "age": 0
    },
    {
      "cfg": {
        "depth": 11,
        "width": 30,
        "act": "tanh",
        "ops": [
          "dual_cosine",
          "fir5",
          "hann_blend",
          "mlp_seam",
          "fade_pull",
          "skip_blend"
        ],
        "wet": 0.08232388314596187,
        "fir": [
          0.12282908388137373,
          0.3663012861138739,
          0.5190382824498293,
          0.22270293196377572,
          0.09489920331596158
        ],
        "cell_kind": "dilated",
        "soft_logits": [
          0.4504879481394549,
          -0.21797885531262978,
          0.7029670754227277,
          0.2573861260554281,
          -0.5004932265709036,
          0.9354953623210649,
          -0.009169444273353283,
          -0.7422381512252549,
          -0.23232179964525926,
          0.5052892395643395,
          -0.7485410693025771,
          -0.23348519235154552,
          0.3465866330510757,
          -0.8388997787287987,
          -1.0432136795050035
        ],
        "blocks": [
          "dilated",
          "tf_split",
          "residual"
        ],
        "use_adv_aux": true,
        "moe_mode": "sequential"
      },
      "hp": {
        "lr": 0.041268010519423345,
        "fit_steps": 64,
        "batch": 64,
        "entropy_coef": 0.01,
        "ppo_clip": 0.15000000000000002,
        "adv_coef": 0.008386396038758357,
        "reward_mode": "abs_r"
      },
      "score": 0.9112903395207723,
      "age": 0
    },
    {
      "cfg": {
        "depth": 10,
        "width": 34,
        "act": "silu",
        "ops": [
          "dual_cosine",
          "mlp_seam",
          "fade_pull",
          "hann_blend",
          "skip_blend",
          "polish",
          "fir5"
        ],
        "wet": 0.05,
        "fir": [
          0.2690966667312473,
          0.2354013948244494,
          0.20608141340728736,
          0.2552357187579546,
          0.08628711099756693
        ],
        "cell_kind": "tf_split",
        "soft_logits": [
          0.523944587694704,
          -0.04341362334376203,
          0.8836774676464758,
          0.2567606262020663,
          -0.3020015956510963,
          0.8269390586330709,
          0.10485180246732231,
          -0.638542491730183,
          -0.11118552293000525,
          0.6978658700412673,
          -0.6703508561396959,
          -0.15415039674828285,
          0.2520405936320566,
          -0.9538004936895754,
          -0.9706319174447741
        ],
        "blocks": [
          "tf_split",
          "moe_mix"
        ],
        "use_adv_aux": true,
        "moe_mode": "moe_parallel"
      },
      "hp": {
        "lr": 0.04060613997599727,
        "fit_steps": 52,
        "batch": 48,
        "entropy_coef": 0.01,
        "ppo_clip": 0.1,
        "adv_coef": 0.03196068352312456,
        "reward_mode": "vs_dualcosine"
      },
      "score": 0.9108777458445231,
      "age": 0
    },
    {
      "cfg": {
        "depth": 12,
        "width": 12,
        "act": "gelu",
        "ops": [
          "dual_cosine",
          "soft_seam",
          "mlp_seam"
        ],
        "wet": 0.9149748664978234,
        "fir": [
          0.2005902410860163,
          0.47084451942288097,
          0.18490217314173774,
          0.07959652735796836,
          0.45089595244130837
        ],
        "cell_kind": "dilated",