{
  "approach": "hybrid_lstm",
  "iters": 250,
  "iters_done": 250,
  "seed": 1902771841,
  "champ_raw": 0.8832423090934753,
  "champ_r": 0.886158975760142,
  "baseline_dual_cosine": 0.20415443181991577,
  "nobake": 0.6447737812995911,
  "delta_r_vs_dual_cosine": 0.6790878772735596,
  "champ_arch": {
    "depth": 12,
    "width": 47,
    "act": "tanh",
    "ops": [
      "hann_blend",
      "pin",
      "fir3",
      "edge_pin"
    ],
    "wet": 0.4428498251551217,
    "fir": [
      0.4006905214089044,
      0.4351478518745987,
      0.3858504935926762,
      0.07561234834251902,
      0.33903229133744345
    ],
    "cell_kind": "residual",
    "soft_logits": [
      -0.5495518801389784,
      -0.6875594199787725,
      0.18432843729596604,
      -0.743549767249513,
      0.6292953053741684,
      0.5441681069677003,
      0.22006857043506822,
      -0.9331272606582214,
      -1.2233398550588137,
      -1.108629619477779,
      -0.06211960371080116,
      -0.580337659015042,
      -0.596955456485534,
      0.5263011158521506,
      -1.1075195720373834
    ],
    "blocks": [
      "residual",
      "soft_mix",
      "dual_path",
      "gated",
      "bottleneck",
      "dense"
    ],
    "use_adv_aux": true,
    "moe_mode": "sequential"
  },
  "champ_hp": {
    "lr": 0.022838144706426478,
    "fit_steps": 60,
    "batch": 48,
    "entropy_coef": 0.005562529316036201,
    "ppo_clip": 0.30000000000000004,
    "adv_coef": 0.03900685849269976,
    "reward_mode": "neglog_gap"
  },
  "branch_best": {
    "ppo": 0.8788790702819824,
    "ga": 0.8803982734680176,
    "pbt": 0.8832423090934753,
    "nas": 0.8800247311592102,
    "combo": 0.875470757484436
  },
  "wall_s": 1359.2097623348236,
  "finished_at": "20260723T201443Z",
  "partial": false,
  "metric": "prolonged residual R = clamp(1 - rms(tile(out)-tile(ideal)) / rms(tile(ideal)), 0, 1); same as overnight_gpu_rl_arch.residual_score; periods=PROLONG",
  "holdout_refit_R": 0.8792431354522705
}