{
  "approach": "hybrid_lstm",
  "iters": 5000,
  "iters_done": 5000,
  "seed": 1902771841,
  "champ_r": 0.9931316391626994,
  "champ_raw": 0.9914649724960327,
  "delta_r_vs_dual_cosine": 0.1748800277709961,
  "baseline_dual_cosine": 0.8165849447250366,
  "wall_s": 30444.498994350433,
  "wall_h": 8.456805276208454,
  "lstm_in_champ": false,
  "xlstm_in_champ": false,
  "champ_arch": {
    "depth": 12,
    "width": 48,
    "act": "tanh",
    "ops": [
      "cycle_net",
      "fade_pull",
      "fir5"
    ],
    "wet": 0.7245407380693173,
    "fir": [
      0.09384575163009412,
      0.48805814652102797,
      0.39091825891943194,
      0.331059364757842,
      0.46083074612670105
    ],
    "cell_kind": "tf_split",
    "soft_logits": [
      -0.7310634675404777,
      0.1710795557276254,
      -0.6233001575325193,
      0.9827618982555753,
      0.3947958367868978,
      0.373733937967083,
      0.46914590455657923,
      0.37583370129354693,
      -0.08300391880653188,
      0.41187302648163265,
      0.21241824583315116,
      -0.36736061966500033,
      0.3777839866967111,
      1.352627609124864,
      -0.11422418026695591
    ],
    "blocks": [
      "tf_split"
    ],
    "use_adv_aux": true,
    "moe_mode": "sequential"
  },
  "champ_hp": {
    "lr": 0.06844036093419292,
    "fit_steps": 64,
    "batch": 64,
    "entropy_coef": 0.031589720357329015,
    "ppo_clip": 0.30000000000000004,
    "adv_coef": 0.0,
    "reward_mode": "vs_dualcosine"
  },
  "history_path": "C:\\Users\\Julian\\Documents\\Programming\\github\\reeldemo\\reelsynth\\brand\\artifacts\\meta_approach_compare\\hybrid_lstm\\history.jsonl",
  "finished_at": "20260723T020256Z"
}