{
  "config": "entropy_p50",
  "iters_done": 500,
  "champ_r": 0.9935721718470255,
  "champ_raw": 0.9911555051803589,
  "champ_cfg": {
    "depth": 12,
    "width": 48,
    "act": "tanh",
    "ops": [
      "pin",
      "fade_pull",
      "fir3",
      "fir5"
    ],
    "wet": 0.2608363880126561,
    "fir": [
      0.37217669461914016,
      0.17150399714364994,
      0.33271075518243415,
      0.3160401813120022,
      0.38596774130644584
    ],
    "cell_kind": "tf_split",
    "soft_logits": [
      0.12942043065123887,
      -0.09639365987536369,
      0.6777668150764555,
      1.002844695472203,
      -0.4179284586309834,
      -1.0945399343159181,
      -0.38785349944167163,
      -1.6247131324813269,
      -0.9467297478715283,
      -0.6949313326491351,
      -0.39449067250169134,
      0.3945991326747159,
      -0.4494747640807353,
      0.9363348400457228,
      -0.2544055098101635
    ],
    "blocks": [
      "tf_split",
      "dual_path",
      "moe_mix",
      "noise_cond"
    ],
    "use_adv_aux": false,
    "moe_mode": "sequential"
  },
  "champ_hp": {
    "lr": 0.04530072299694849,
    "fit_steps": 64,
    "batch": 64,
    "entropy_coef": 0.03,
    "ppo_clip": 0.05,
    "adv_coef": 0.12505991786119328,
    "reward_mode": "abs_r"
  },
  "wall_s": 2350.386662006378,
  "baseline_dual_cosine": 0.8165849447250366,
  "branch_best": {
    "ppo": 0.9894030094146729,
    "ga": 0.9903501570224762,
    "pbt": 0.9911555051803589,
    "nas": 0.9781716763973236,
    "combo": 0.9899314641952515
  },
  "iters_since_improve": 32,
  "policy_path": "C:\\Users\\Julian\\Documents\\Programming\\github\\reeldemo\\reelsynth\\brand\\artifacts\\meta_hp_sensitivity\\entropy_p50\\policy.pt",
  "pop": [
    {
      "cfg": {
        "depth": 9,
        "width": 32,
        "act": "silu",
        "ops": [
          "fade_pull",
          "cycle_net",
          "dual_cosine",
          "hann_blend",
          "mlp_seam"
        ],
        "wet": 0.20068814664628248,
        "fir": [
          0.3107623134636609,
          0.37267462633819004,
          0.24687616984634936,
          0.07624091851584043,
          0.22510295473403313
        ],
        "cell_kind": "tf_split",
        "soft_logits": [
          -0.237373330521639,
          -0.22807624995560571,
          -0.9130408806804975,
          0.6872295682081164,
          -0.6048297678502599,
          0.27262204090091435,
          -0.49708445258270717,
          0.156727534952815,
          -0.7100166610676053,
          -0.7593366617507851,
          -0.9374848982205077,
          0.09519970523316368,
          -0.3154293453250778,
          0.11748053046513118,
          0.2673258178973743
        ],
        "blocks": [
          "tf_split",
          "dense",
          "attn",
          "bottleneck"
        ],
        "use_adv_aux": true,
        "moe_mode": "sequential"
      },
      "hp": {
        "lr": 0.028105421173714163,
        "fit_steps": 64,
        "batch": 32,
        "entropy_coef": 0.03,
        "ppo_clip": 0.2,
        "adv_coef": 0.06771662954218369,
        "reward_mode": "vs_nobake"
      },
      "score": 0.9131154777940115,
      "age": 0
    },
    {
      "cfg": {
        "depth": 12,
        "width": 48,
        "act": "tanh",
        "ops": [
          "pin",
          "fade_pull",
          "fir3",
          "fir5"
        ],
        "wet": 0.2608363880126561,
        "fir": [
          0.37217669461914016,
          0.17150399714364994,
          0.33271075518243415,
          0.3160401813120022,
          0.38596774130644584
        ],
        "cell_kind": "tf_split",
        "soft_logits": [
          0.06803675751730287,
          -0.4230630982485028,
          0.948067985216377,
          1.141659971199279,
          -0.19051720607501477,
          -0.7899647728965089,
          0.02353375000796315,
          -1.5904190530276403,
          -1.3596140558774077,
          -1.1359912224553421,
          -0.8911657191474016,
          0.3680614514079418,
          -0.627834366732246,
          1.1850727624804116,
          0.08922759074259856
        ],
        "blocks": [
          "tf_split",
          "dual_path",
          "moe_mix",
          "noise_cond"
        ],
        "use_adv_aux": true,
        "moe_mode": "sequential"
      },
      "hp": {
        "lr": 0.1,
        "fit_steps": 60,
        "batch": 64,
        "entropy_coef": 0.03,
        "ppo_clip": 0.1,
        "adv_coef": 0.09807609044317679,
        "reward_mode": "abs_r"
      },
      "score": 0.9140863980992635,
      "age": 0
    },
    {
      "cfg": {
        "depth": 12,
        "width": 15,
        "act": "tanh",
        "ops": [
          "pin",
          "fade_pull",
          "fir3",
          "fir5"
        ],
        "wet": 0.1566081771500607,
        "fir": [
          0.3536088796865466,
          0.14415937156278735,
          0.11113230269939021,
          0.10062301508226607,
          0.2734501954405349
        ],
        "cell_kind": "tf_split",
        "soft_logits": [
          0.13615911884638143,
          0.006646008529795244,
          0.6526635436522997,
          0.14290310423133445,
          -0.48644213914854806,
          -0.1543493340222254,
          -0.15316162931252453,
          -1.1739674041534496,
          -0.5772833691890232,
          -1.4036413160556123,
          0.17896772717711856,
          -0.3382686071211508,
          -1.497639161058955,
          0.8694541234539728,
          0.37002426970577407
        ],
        "blocks": [
          "tf_split",
          "dense",
          "mlp"
        ],
        "use_adv_aux": true,
        "moe_mode": "sequential"
      },
      "hp": {
        "lr": 0.1,
        "fit_steps": 56,
        "batch": 64,
        "entropy_coef": 0.03,
        "ppo_clip": 0.15000000000000002,
        "adv_coef": 0.08317461447173038,
        "reward_mode": "vs_nobake"
      },
      "score": 0.9925168236891428,
      "age": 0
    },
    {
      "cfg": {
        "depth": 6,
        "width": 6,
        "act": "relu",
        "ops": [
          "pin",
          "dual_cosine",
          "classic",
          "asym_wet",
          "fade_pull",
          "edge_pin",
          "fir5"
        ],
        "wet": 0.18156651934003207,
        "fir": [
          0.19017440910908517,
          0.0678531575381476,
          0.4922924783740931,
          0.44109374416561276,
          0.5059157415645635
        ],
        "cell_kind": "xlstm",
        "soft_logits": [
          -0.4402995102777647,
          0.9105456733737485,
          -0.8337897072679796,
          -0.7197285224412129,
          -0.6027462666439307,
          -0.7373378425225123,
          0.04071316453572549,
          -0.9461874929599909,
          -0.9608809736906583,
          -0.8723640146551499,
          -0.4096724163005643,
          -0.3713471649557336,
          0.8842105154245934,
          0.06457079781922537,
          0.5781347163967199
        ],
        "blocks": [
          "xlstm",
          "bottleneck",
          "soft_mix",
          "dilated",
          "gated"
        ],
        "use_adv_aux": true,
        "moe_mode": "sequential"
      },
      "hp": {
        "lr": 0.1,
        "fit_steps": 56,
        "batch": 64,
        "entropy_coef": 0.03,
        "ppo_clip": 0.05,
        "adv_coef": 0.0986821658482727,
        "reward_mode": "abs_r"
      },
      "score": 0.9140863980992635,
      "age": 0
    },
    {
      "cfg": {
        "depth": 11,
        "width": 12,
        "act": "tanh",
        "ops": [
          "pin",
          "fade_pull",
          "fir3",
          "fir5"
        ],
        "wet": 0.1566081771500607,
        "fir": [
          0.30514818073494226,
          0.05469100596329991,
          0.12241691283657294,
          0.303951503767222,
          0.3880752513049065
        ],
        "cell_kind": "tf_split",