{
  "config": "lr_m50",
  "iters_done": 500,
  "champ_r": 0.98045174853007,
  "champ_raw": 0.9765350818634033,
  "champ_cfg": {
    "depth": 12,
    "width": 46,
    "act": "relu",
    "ops": [
      "edge_pin"
    ],
    "wet": 0.290725117645945,
    "fir": [
      0.19473572822121282,
      0.3171301675607133,
      0.30205372153063154,
      0.4253699169630574,
      0.31640213574692033
    ],
    "cell_kind": "residual",
    "soft_logits": [
      -1.395711549664533,
      -0.18545549028921116,
      0.3213543743284766,
      -0.8183633350660664,
      -1.7418564350389554,
      -0.11829323793944527,
      0.11410831944668935,
      0.926893389759694,
      -0.35011295035531115,
      0.4874969106968267,
      0.00368277966759345,
      -0.8899802492909819,
      1.2528083775768792,
      -0.6584874243614466,
      -2.1338360994981325
    ],
    "blocks": [
      "residual",
      "xlstm",
      "lstm",
      "bottleneck",
      "mlp",
      "dense"
    ],
    "use_adv_aux": true,
    "moe_mode": "moe_parallel"
  },
  "champ_hp": {
    "lr": 0.0015,
    "fit_steps": 48,
    "batch": 64,
    "entropy_coef": 0.05184104029269047,
    "ppo_clip": 0.05,
    "adv_coef": 0.09249347485754728,
    "reward_mode": "vs_dualcosine"
  },
  "wall_s": 2072.5983514785767,
  "baseline_dual_cosine": 0.8165849447250366,
  "branch_best": {
    "ppo": 0.9764947295188904,
    "ga": 0.9765350818634033,
    "pbt": 0.9761343896389008,
    "nas": 0.9722095131874084,
    "combo": 0.9757481515407562
  },
  "iters_since_improve": 223,
  "policy_path": "C:\\Users\\Julian\\Documents\\Programming\\github\\reeldemo\\reelsynth\\brand\\artifacts\\meta_hp_sensitivity\\lr_m50\\policy.pt",
  "pop": [
    {
      "cfg": {
        "depth": 12,
        "width": 46,
        "act": "relu",
        "ops": [
          "edge_pin"
        ],
        "wet": 0.290725117645945,
        "fir": [
          0.19473572822121282,
          0.3171301675607133,
          0.30205372153063154,
          0.4253699169630574,
          0.31640213574692033
        ],
        "cell_kind": "residual",
        "soft_logits": [
          -1.395711549664533,
          -0.18545549028921116,
          0.3213543743284766,
          -0.8183633350660664,
          -1.7418564350389554,
          -0.11829323793944527,
          0.11410831944668935,
          0.926893389759694,
          -0.35011295035531115,
          0.4874969106968267,
          0.00368277966759345,
          -0.8899802492909819,
          1.2528083775768792,
          -0.6584874243614466,
          -2.1338360994981325
        ],
        "blocks": [
          "residual",
          "xlstm",
          "lstm",
          "bottleneck",
          "mlp",
          "dense"
        ],
        "use_adv_aux": true,
        "moe_mode": "moe_parallel"
      },
      "hp": {
        "lr": 0.0015,
        "fit_steps": 48,
        "batch": 64,
        "entropy_coef": 0.05184104029269047,
        "ppo_clip": 0.05,
        "adv_coef": 0.09249347485754728,
        "reward_mode": "vs_dualcosine"
      },
      "score": 0.98045174853007,
      "age": 0
    },
    {
      "cfg": {
        "depth": 11,
        "width": 48,
        "act": "tanh",
        "ops": [
          "edge_pin"
        ],
        "wet": 0.3305143316082813,
        "fir": [
          0.3460139216101436,
          0.1615137610945627,
          0.12800427095159647,
          0.48051268083805015,
          0.05380506036038278
        ],
        "cell_kind": "tf_split",
        "soft_logits": [
          -1.3122841793799882,
          -0.43729289978558616,
          0.09202568529179922,
          -0.6709413745826063,
          -1.7394020904246106,
          0.002159465760721624,
          0.16103146312894978,
          1.0189198105254458,
          -0.3074766708637843,
          0.34098862841658917,
          -0.07602002254298856,
          -0.750615172678776,
          1.417779027254562,
          -0.7875056476859527,
          -2.1924696996082282
        ],
        "blocks": [
          "tf_split",
          "noise_cond",
          "bottleneck",
          "lstm",
          "mlp",
          "dense"
        ],
        "use_adv_aux": true,
        "moe_mode": "moe_parallel"
      },
      "hp": {
        "lr": 0.0015,
        "fit_steps": 37,
        "batch": 32,
        "entropy_coef": 0.04829236498844881,
        "ppo_clip": 0.1,
        "adv_coef": 0.03422178716550275,
        "reward_mode": "abs_r"
      },
      "score": 0.9017392064126333,
      "age": 0
    },
    {
      "cfg": {
        "depth": 12,
        "width": 46,
        "act": "relu",
        "ops": [
          "edge_pin"
        ],
        "wet": 0.290725117645945,
        "fir": [
          0.2143621794310242,
          0.3843966960267651,
          0.5768445518752213,
          0.1969440977142486,
          0.32741276188357843
        ],
        "cell_kind": "residual",
        "soft_logits": [
          -1.395711549664533,
          -0.18545549028921116,
          0.3213543743284766,
          -0.8183633350660664,
          -1.7418564350389554,
          -0.11829323793944527,
          0.11410831944668935,
          0.926893389759694,
          -0.35011295035531115,
          0.4874969106968267,
          0.00368277966759345,
          -0.8899802492909819,
          1.2528083775768792,
          -0.6584874243614466,
          -2.1338360994981325
        ],
        "blocks": [
          "residual",
          "xlstm",
          "lstm",
          "bottleneck",
          "mlp",
          "dense"
        ],
        "use_adv_aux": true,
        "moe_mode": "moe_parallel"
      },
      "hp": {
        "lr": 0.0015,
        "fit_steps": 40,
        "batch": 48,
        "entropy_coef": 0.0627658880234562,
        "ppo_clip": 0.05,
        "adv_coef": 0.06532646091325994,
        "reward_mode": "vs_nobake"
      },
      "score": 0.9020156086476644,
      "age": 0
    },
    {
      "cfg": {
        "depth": 12,
        "width": 46,
        "act": "relu",
        "ops": [
          "edge_pin",
          "cycle_net"
        ],
        "wet": 0.290725117645945,
        "fir": [
          0.32271388064390805,
          0.5520445382932468,
          0.2631595926751191,
          0.514401114413104,
          0.1774294528570195
        ],
        "cell_kind": "residual",
        "soft_logits": [
          -1.395711549664533,
          -0.18545549028921116,
          0.3213543743284766,
          -0.8183633350660664,
          -1.7418564350389554,
          -0.11829323793944527,
          0.11410831944668935,
          0.926893389759694,
          -0.35011295035531115,
          0.4874969106968267,
          0.00368277966759345,
          -0.8899802492909819,
          1.2528083775768792,
          -0.6584874243614466,
          -2.1338360994981325
        ],
        "blocks": [
          "residual",
          "xlstm",
          "lstm",
          "bottleneck",
          "mlp",
          "dense"
        ],
        "use_adv_aux": true,
        "moe_mode": "moe_parallel"
      },
      "hp": {
        "lr": 0.0015,
        "fit_steps": 48,
        "batch": 64,
        "entropy_coef": 0.045928699468883526,
        "ppo_clip": 0.05,
        "adv_coef": 0.09078490419852696,
        "reward_mode": "vs_dualcosine"
      },
      "score": 0.9020156086476644,
      "age": 0
    },
    {
      "cfg": {
        "depth": 11,
        "width": 48,
        "act": "relu",
        "ops": [
          "edge_pin"
        ],
        "wet": 0.4452942870692784,
        "fir": [
          0.3460139216101436,
          0.1615137610945627,
          0.12800427095159647,
          0.48051268083805015,
          0.05380506036038278
        ],
        "cell_kind": "bottleneck",