{
  "config": "ppo_clip_m50",
  "iters_done": 500,
  "champ_r": 0.9855103947321574,
  "champ_raw": 0.9815937280654907,
  "champ_cfg": {
    "depth": 12,
    "width": 32,
    "act": "gelu",
    "ops": [
      "fir3",
      "fir5",
      "edge_pin",
      "fade_pull"
    ],
    "wet": 0.855626897243437,
    "fir": [
      0.507920550047329,
      0.15463339713936514,
      0.16765909186030958,
      0.5216174659006906,
      0.25491882682496175
    ],
    "cell_kind": "bottleneck",
    "soft_logits": [
      -0.3762500203682082,
      -1.060206276262694,
      -0.46391350074543725,
      0.551909167019592,
      -0.9656816567715278,
      0.7042361047341822,
      0.33806683695111683,
      -0.5275559181935807,
      -0.2774685157025578,
      -0.0975837194614145,
      -0.011973545625503013,
      0.6784278772910411,
      0.050432561453180424,
      0.16300807380948173,
      -0.46845844441068507
    ],
    "blocks": [
      "bottleneck",
      "lstm",
      "xlstm",
      "soft_mix",
      "dense",
      "dual_path"
    ],
    "use_adv_aux": false,
    "moe_mode": "moe_parallel"
  },
  "champ_hp": {
    "lr": 0.013249056624436597,
    "fit_steps": 64,
    "batch": 64,
    "entropy_coef": 0.025051334227789483,
    "ppo_clip": 0.1,
    "adv_coef": 0.02586828009983797,
    "reward_mode": "vs_dualcosine"
  },
  "wall_s": 3853.1855256557465,
  "baseline_dual_cosine": 0.8165849447250366,
  "branch_best": {
    "ppo": 0.9813646376132965,
    "ga": 0.9815937280654907,
    "pbt": 0.9807409644126892,
    "nas": 0.978760689496994,
    "combo": 0.9814976155757904
  },
  "iters_since_improve": 138,
  "policy_path": "C:\\Users\\Julian\\Documents\\Programming\\github\\reeldemo\\reelsynth\\brand\\artifacts\\meta_hp_sensitivity\\ppo_clip_m50\\policy.pt",
  "pop": [
    {
      "cfg": {
        "depth": 12,
        "width": 48,
        "act": "gelu",
        "ops": [
          "fir3",
          "fir5",
          "edge_pin",
          "fade_pull"
        ],
        "wet": 0.855626897243437,
        "fir": [
          0.507920550047329,
          0.15463339713936514,
          0.16765909186030958,
          0.5216174659006906,
          0.25491882682496175
        ],
        "cell_kind": "lstm",
        "soft_logits": [
          -0.7176153197466928,
          -0.7183383274211699,
          -0.5463552657766673,
          0.29575675298863646,
          -0.4936841319987489,
          0.7333916850320219,
          0.38237653565742835,
          -0.3477690155525421,
          -0.6702974651767044,
          0.11555633463670703,
          0.4076947577346044,
          0.9745047929098167,
          0.49483155423851466,
          0.39756389124150987,
          -0.272079124387262
        ],
        "blocks": [
          "lstm",
          "xlstm",
          "soft_mix",
          "dense",
          "dual_path"
        ],
        "use_adv_aux": true,
        "moe_mode": "moe_parallel"
      },
      "hp": {
        "lr": 0.011292565010541229,
        "fit_steps": 60,
        "batch": 64,
        "entropy_coef": 0.014212205381248323,
        "ppo_clip": 0.1,
        "adv_coef": 0.020203121302299655,
        "reward_mode": "vs_dualcosine"
      },
      "score": 0.9849488412539165,
      "age": 0
    },
    {
      "cfg": {
        "depth": 12,
        "width": 32,
        "act": "gelu",
        "ops": [
          "fir3",
          "fir5",
          "edge_pin",
          "fade_pull"
        ],
        "wet": 0.855626897243437,
        "fir": [
          0.507920550047329,
          0.15463339713936514,
          0.16765909186030958,
          0.5216174659006906,
          0.25491882682496175
        ],
        "cell_kind": "bottleneck",
        "soft_logits": [
          -0.3762500203682082,
          -1.060206276262694,
          -0.46391350074543725,
          0.551909167019592,
          -0.9656816567715278,
          0.7042361047341822,
          0.33806683695111683,
          -0.5275559181935807,
          -0.2774685157025578,
          -0.0975837194614145,
          -0.011973545625503013,
          0.6784278772910411,
          0.050432561453180424,
          0.16300807380948173,
          -0.46845844441068507
        ],
        "blocks": [
          "bottleneck",
          "lstm",
          "xlstm",
          "soft_mix",
          "dense",
          "dual_path"
        ],
        "use_adv_aux": false,
        "moe_mode": "moe_parallel"
      },
      "hp": {
        "lr": 0.013249056624436597,
        "fit_steps": 64,
        "batch": 64,
        "entropy_coef": 0.025051334227789483,
        "ppo_clip": 0.1,
        "adv_coef": 0.02586828009983797,
        "reward_mode": "vs_dualcosine"
      },
      "score": 0.9855103947321574,
      "age": 0
    },
    {
      "cfg": {
        "depth": 8,
        "width": 40,
        "act": "gelu",
        "ops": [
          "cycle_net",
          "edge_pin",
          "mlp_seam",
          "soft_seam"
        ],
        "wet": 0.6820699857039411,
        "fir": [
          0.1292500963545456,
          0.07398025200453086,
          0.1776265373772022,
          0.2552063160965971,
          0.3600783105357466
        ],
        "cell_kind": "dilated",
        "soft_logits": [
          0.9361332114248617,
          0.22444524794663412,
          -0.28116418249523156,
          0.35406787879264434,
          -0.8474615374626495,
          -0.02492944743928116,
          -0.6133749017902819,
          0.6657444507558645,
          -0.4608261591822207,
          0.31323624688167717,
          -0.81434926975292,
          0.9492217763265278,
          -0.11089362475198694,
          0.6092261558392533,
          -0.0681254529072568
        ],
        "blocks": [
          "dilated",
          "residual",
          "attn",
          "dense",
          "mlp",
          "bottleneck"
        ],
        "use_adv_aux": false,
        "moe_mode": "moe_parallel"
      },
      "hp": {
        "lr": 0.06422349496685235,
        "fit_steps": 62,
        "batch": 32,
        "entropy_coef": 0.019403015424983003,
        "ppo_clip": 0.1,
        "adv_coef": 0.0237356478260478,
        "reward_mode": "vs_dualcosine"
      },
      "score": 0.9062301160081229,
      "age": 0
    },
    {
      "cfg": {
        "depth": 12,
        "width": 48,
        "act": "gelu",
        "ops": [
          "fir3",
          "fir5",
          "edge_pin",
          "fade_pull"
        ],
        "wet": 0.8148579458949141,
        "fir": [
          0.47284100807388457,
          0.13810780682455365,
          0.18388379247457504,
          0.4902907388641171,
          0.2077698753312149
        ],
        "cell_kind": "lstm",
        "soft_logits": [
          -0.538347260360134,
          -0.5783777469585976,
          -0.36515801573110035,
          0.13693591925750156,
          -0.3965625006965721,
          0.8735966345813866,
          0.42353713670309756,
          -0.4679667462617827,
          -0.6352690573389453,
          0.2046578715747381,
          0.5286680936988623,
          0.9226474595804959,
          0.6459168167917121,
          0.5269657064342357,
          -0.2125040120728171
        ],
        "blocks": [
          "lstm",
          "moe_mix",
          "unet",
          "dense",
          "dual_path"
        ],
        "use_adv_aux": false,
        "moe_mode": "moe_parallel"
      },
      "hp": {
        "lr": 0.038092684142179645,
        "fit_steps": 62,
        "batch": 64,
        "entropy_coef": 0.02187829609086623,
        "ppo_clip": 0.1,
        "adv_coef": 0.04323949138363578,
        "reward_mode": "vs_dualcosine"
      },
      "score": 0.9850327347914378,
      "age": 0
    },
    {
      "cfg": {
        "depth": 12,
        "width": 16,
        "act": "silu",
        "ops": [
          "fir3",
          "fir5",
          "edge_pin",
          "fade_pull"
        ],
        "wet": 0.855626897243437,