{
  "config": "ppo_clip_p50",
  "iters_done": 500,
  "champ_r": 0.9925795277754466,
  "champ_raw": 0.9904128611087799,
  "champ_cfg": {
    "depth": 12,
    "width": 10,
    "act": "tanh",
    "ops": [
      "cycle_net",
      "fir5"
    ],
    "wet": 0.6270347334827867,
    "fir": [
      0.28493823371008664,
      0.13247467123593212,
      0.18711863314056043,
      0.29386851840122524,
      0.4569592407932532
    ],
    "cell_kind": "tf_split",
    "soft_logits": [
      0.41227807197025346,
      -0.5381992473276569,
      0.3654105466057762,
      0.640717847961563,
      0.38005445251185144,
      0.5558915757640011,
      -0.008314144369695908,
      -0.4043730114240556,
      -0.9637871725303357,
      0.8426972255534988,
      -0.6295035652854346,
      -0.8599091781639345,
      -0.17750271405059004,
      -0.2855067349295708,
      -0.4946954373876531
    ],
    "blocks": [
      "tf_split",
      "dense",
      "soft_mix"
    ],
    "use_adv_aux": true,
    "moe_mode": "sequential"
  },
  "champ_hp": {
    "lr": 0.07589589843633741,
    "fit_steps": 64,
    "batch": 64,
    "entropy_coef": 0.034470095907868835,
    "ppo_clip": 0.30000000000000004,
    "adv_coef": 0.10735640508467086,
    "reward_mode": "abs_r"
  },
  "wall_s": 2602.302521467209,
  "baseline_dual_cosine": 0.8165849447250366,
  "branch_best": {
    "ppo": 0.9867489039897919,
    "ga": 0.9878638386726379,
    "pbt": 0.9904128611087799,
    "nas": 0.9827434718608856,
    "combo": 0.9882720112800598
  },
  "iters_since_improve": 7,
  "policy_path": "C:\\Users\\Julian\\Documents\\Programming\\github\\reeldemo\\reelsynth\\brand\\artifacts\\meta_hp_sensitivity\\ppo_clip_p50\\policy.pt",
  "pop": [
    {
      "cfg": {
        "depth": 12,
        "width": 10,
        "act": "tanh",
        "ops": [
          "cycle_net",
          "fir5"
        ],
        "wet": 0.6270347334827867,
        "fir": [
          0.28493823371008664,
          0.13247467123593212,
          0.18711863314056043,
          0.29386851840122524,
          0.4569592407932532
        ],
        "cell_kind": "tf_split",
        "soft_logits": [
          0.41227807197025346,
          -0.5381992473276569,
          0.3654105466057762,
          0.640717847961563,
          0.38005445251185144,
          0.5558915757640011,
          -0.008314144369695908,
          -0.4043730114240556,
          -0.9637871725303357,
          0.8426972255534988,
          -0.6295035652854346,
          -0.8599091781639345,
          -0.17750271405059004,
          -0.2855067349295708,
          -0.4946954373876531
        ],
        "blocks": [
          "tf_split",
          "dense",
          "soft_mix"
        ],
        "use_adv_aux": true,
        "moe_mode": "sequential"
      },
      "hp": {
        "lr": 0.07589589843633741,
        "fit_steps": 64,
        "batch": 64,
        "entropy_coef": 0.034470095907868835,
        "ppo_clip": 0.30000000000000004,
        "adv_coef": 0.10735640508467086,
        "reward_mode": "abs_r"
      },
      "score": 0.9925795277754466,
      "age": 0
    },
    {
      "cfg": {
        "depth": 11,
        "width": 8,
        "act": "silu",
        "ops": [
          "cycle_net",
          "fir5"
        ],
        "wet": 0.6270347334827867,
        "fir": [
          0.15434046656592787,
          0.4331465581381956,
          0.47326607486341526,
          0.447882357625544,
          0.10816292805387485
        ],
        "cell_kind": "tf_split",
        "soft_logits": [
          0.41227807197025346,
          -0.5381992473276569,
          0.3654105466057762,
          0.640717847961563,
          0.38005445251185144,
          0.5558915757640011,
          -0.008314144369695908,
          -0.4043730114240556,
          -0.9637871725303357,
          0.8426972255534988,
          -0.6295035652854346,
          -0.8599091781639345,
          -0.17750271405059004,
          -0.2855067349295708,
          -0.4946954373876531
        ],
        "blocks": [
          "tf_split",
          "dense",
          "soft_mix"
        ],
        "use_adv_aux": true,
        "moe_mode": "sequential"
      },
      "hp": {
        "lr": 0.039725446176080814,
        "fit_steps": 64,
        "batch": 64,
        "entropy_coef": 0.016362105686317154,
        "ppo_clip": 0.30000000000000004,
        "adv_coef": 0.09405499328213486,
        "reward_mode": "neglog_gap"
      },
      "score": 0.9896368641853333,
      "age": 0
    },
    {
      "cfg": {
        "depth": 10,
        "width": 24,
        "act": "relu",
        "ops": [
          "dual_cosine",
          "soft_seam",
          "classic",
          "median3",
          "fir5",
          "fir3",
          "edge_pin"
        ],
        "wet": 0.78041082414979,
        "fir": [
          0.3905687416056136,
          0.3191051744914633,
          0.064050771670934,
          0.3616945602107236,
          0.15468920314793422
        ],
        "cell_kind": "bottleneck",
        "soft_logits": [
          0.9718757832109732,
          0.2744928383339691,
          -0.7181816346175902,
          -0.054208983522877396,
          -0.42741139888888413,
          -0.3671031398629625,
          -0.9401164234178341,
          -0.6877560193633976,
          -0.008507188573232183,
          0.23516824376973022,
          0.5421342731134551,
          0.7271619938615825,
          -0.5811380558271224,
          0.9591124906130994,
          0.20405087947339529
        ],
        "blocks": [
          "bottleneck",
          "moe_mix",
          "dual_path",
          "dense"
        ],
        "use_adv_aux": false,
        "moe_mode": "sequential"
      },
      "hp": {
        "lr": 0.02567203312466773,
        "fit_steps": 60,
        "batch": 64,
        "entropy_coef": 0.022200989213356937,
        "ppo_clip": 0.30000000000000004,
        "adv_coef": 0.10299697520798914,
        "reward_mode": "abs_r"
      },
      "score": 0.9131731655534109,
      "age": 0
    },
    {
      "cfg": {
        "depth": 12,
        "width": 8,
        "act": "tanh",
        "ops": [
          "cycle_net"
        ],
        "wet": 0.7819011228703052,
        "fir": [
          0.27655298445938603,
          0.08331908502810115,
          0.2846955167997087,
          0.4223658594221428,
          0.17376792816196962
        ],
        "cell_kind": "tf_split",
        "soft_logits": [
          0.27692411409723483,
          -0.8876577019115496,
          0.47603144343502535,
          0.9565905781926223,
          0.5027030326592098,
          0.48880227682539784,
          -0.023484139221545325,
          -0.47446243892652007,
          -0.8963028310957942,
          1.2146201009107558,
          -1.0037801966811348,
          -1.0600823284045842,
          -0.0686783915362727,
          -0.5822064920913541,
          -0.4670642306494313
        ],
        "blocks": [
          "tf_split",
          "dense",
          "soft_mix",
          "lstm",
          "xlstm"
        ],
        "use_adv_aux": true,
        "moe_mode": "sequential"
      },
      "hp": {
        "lr": 0.013802882036787508,
        "fit_steps": 64,
        "batch": 48,
        "entropy_coef": 0.02886989226867067,
        "ppo_clip": 0.30000000000000004,
        "adv_coef": 0.10762854323826637,
        "reward_mode": "vs_dualcosine"
      },
      "score": 0.9112880649121603,
      "age": 0
    },
    {
      "cfg": {
        "depth": 12,
        "width": 9,
        "act": "tanh",
        "ops": [
          "cycle_net"
        ],
        "wet": 0.5604859477094684,
        "fir": [
          0.23506934001202295,
          0.28578063526621394,
          0.31159898094282557,
          0.33699131954935,
          0.2716200727284404
        ],
        "cell_kind": "tf_split",