{
  "config": "ga_mut2_m50",
  "iters_done": 500,
  "champ_r": 0.9872603573004405,
  "champ_raw": 0.9833436906337738,
  "champ_cfg": {
    "depth": 12,
    "width": 48,
    "act": "tanh",
    "ops": [
      "soft_seam",
      "fir5",
      "mlp_seam",
      "pin",
      "asym_wet",
      "fade_pull",
      "edge_pin",
      "cycle_net"
    ],
    "wet": 0.95,
    "fir": [
      0.5821550649558417,
      0.10319831399129159,
      0.3338255308468686,
      0.2308354818548385,
      0.5035286666901595
    ],
    "cell_kind": "moe_mix",
    "soft_logits": [
      -1.42586613076169,
      0.2649885298255723,
      -0.15481900279239835,
      -0.1985893559031376,
      0.27101577566368484,
      -0.263967107755179,
      0.3172219676785086,
      0.5054087295987787,
      -1.3197869803042805,
      0.38217853767163434,
      0.45635654700192596,
      -0.26119986667089407,
      -0.6027381094469486,
      -1.1642002645102174,
      1.167471872283652
    ],
    "blocks": [
      "bottleneck",
      "dense",
      "soft_mix",
      "noise_cond",
      "dual_path",
      "moe_mix"
    ],
    "use_adv_aux": true,
    "moe_mode": "moe_parallel"
  },
  "champ_hp": {
    "lr": 0.009319228784732313,
    "fit_steps": 64,
    "batch": 48,
    "entropy_coef": 0.06738772800345397,
    "ppo_clip": 0.25000000000000006,
    "adv_coef": 0.05672808022329569,
    "reward_mode": "abs_r"
  },
  "wall_s": 2281.0011570453644,
  "baseline_dual_cosine": 0.8165849447250366,
  "branch_best": {
    "ppo": 0.9827174246311188,
    "ga": 0.9815995097160339,
    "pbt": 0.9833436906337738,
    "nas": 0.9797320365905762,
    "combo": 0.9810541570186615
  },
  "iters_since_improve": 292,
  "policy_path": "C:\\Users\\Julian\\Documents\\Programming\\github\\reeldemo\\reelsynth\\brand\\artifacts\\meta_hp_sensitivity\\ga_mut2_m50\\policy.pt",
  "pop": [
    {
      "cfg": {
        "depth": 12,
        "width": 48,
        "act": "relu",
        "ops": [
          "soft_seam",
          "fir5",
          "mlp_seam",
          "pin",
          "asym_wet",
          "fade_pull",
          "edge_pin",
          "cycle_net"
        ],
        "wet": 0.95,
        "fir": [
          0.5821550649558417,
          0.10319831399129159,
          0.3338255308468686,
          0.2308354818548385,
          0.5035286666901595
        ],
        "cell_kind": "moe_mix",
        "soft_logits": [
          -1.42586613076169,
          0.2649885298255723,
          -0.15481900279239835,
          -0.1985893559031376,
          0.27101577566368484,
          -0.263967107755179,
          0.3172219676785086,
          0.5054087295987787,
          -1.3197869803042805,
          0.38217853767163434,
          0.45635654700192596,
          -0.26119986667089407,
          -0.6027381094469486,
          -1.1642002645102174,
          1.167471872283652
        ],
        "blocks": [
          "bottleneck",
          "dense",
          "soft_mix",
          "noise_cond",
          "dual_path",
          "moe_mix"
        ],
        "use_adv_aux": false,
        "moe_mode": "moe_parallel"
      },
      "hp": {
        "lr": 0.014269692809524805,
        "fit_steps": 56,
        "batch": 32,
        "entropy_coef": 0.07114532945298546,
        "ppo_clip": 0.25000000000000006,
        "adv_coef": 0.06219210455420861,
        "reward_mode": "abs_r"
      },
      "score": 0.9082795287164053,
      "age": 0
    },
    {
      "cfg": {
        "depth": 12,
        "width": 48,
        "act": "tanh",
        "ops": [
          "soft_seam",
          "fir5",
          "mlp_seam",
          "pin",
          "asym_wet",
          "fade_pull",
          "edge_pin",
          "cycle_net"
        ],
        "wet": 0.5138260961935648,
        "fir": [
          0.5821550649558417,
          0.10319831399129159,
          0.3338255308468686,
          0.2308354818548385,
          0.5035286666901595
        ],
        "cell_kind": "tf_split",
        "soft_logits": [
          -1.42586613076169,
          0.2649885298255723,
          -0.15481900279239835,
          -0.1985893559031376,
          0.27101577566368484,
          -0.263967107755179,
          0.3172219676785086,
          0.5054087295987787,
          -1.3197869803042805,
          0.38217853767163434,
          0.45635654700192596,
          -0.26119986667089407,
          -0.6027381094469486,
          -1.1642002645102174,
          1.167471872283652
        ],
        "blocks": [
          "tf_split",
          "bottleneck",
          "dense",
          "soft_mix",
          "noise_cond",
          "dual_path"
        ],
        "use_adv_aux": false,
        "moe_mode": "moe_parallel"
      },
      "hp": {
        "lr": 0.018822700155410266,
        "fit_steps": 64,
        "batch": 64,
        "entropy_coef": 0.054385482907126796,
        "ppo_clip": 0.25000000000000006,
        "adv_coef": 0.02024990094710406,
        "reward_mode": "neglog_gap"
      },
      "score": 0.9866340912977855,
      "age": 0
    },
    {
      "cfg": {
        "depth": 12,
        "width": 48,
        "act": "tanh",
        "ops": [
          "soft_seam",
          "mlp_seam",
          "pin",
          "asym_wet",
          "fade_pull",
          "edge_pin",
          "cycle_net"
        ],
        "wet": 0.5297679245393332,
        "fir": [
          0.5821550649558417,
          0.10319831399129159,
          0.3338255308468686,
          0.2308354818548385,
          0.5035286666901595
        ],
        "cell_kind": "moe_mix",
        "soft_logits": [
          -1.8820710929260376,
          -0.19584457054522753,
          0.05309369718848789,
          -0.6514507014905655,
          0.4788279908272597,
          -0.0031817928823171804,
          0.4571753968318161,
          0.3659125609432242,
          -1.415541867514328,
          0.6612282394810249,
          0.6684164965305772,
          0.11912058861240143,
          -1.038416147764813,
          -0.9961420319004842,
          1.484308074424927
        ],
        "blocks": [
          "moe_mix",
          "tf_split",
          "bottleneck",
          "dense",
          "soft_mix",
          "noise_cond"
        ],
        "use_adv_aux": false,
        "moe_mode": "moe_parallel"
      },
      "hp": {
        "lr": 0.035270273337375306,
        "fit_steps": 60,
        "batch": 64,
        "entropy_coef": 0.057050553956315024,
        "ppo_clip": 0.15000000000000008,
        "adv_coef": 0.0,
        "reward_mode": "abs_r"
      },
      "score": 0.9077033639939627,
      "age": 0
    },
    {
      "cfg": {
        "depth": 12,
        "width": 48,
        "act": "tanh",
        "ops": [
          "soft_seam",
          "fir5",
          "mlp_seam",
          "pin",
          "asym_wet",
          "fade_pull",
          "edge_pin",
          "cycle_net"
        ],
        "wet": 0.95,
        "fir": [
          0.5821550649558417,
          0.10319831399129159,
          0.3338255308468686,
          0.2308354818548385,
          0.5035286666901595
        ],
        "cell_kind": "moe_mix",
        "soft_logits": [
          -1.42586613076169,
          0.2649885298255723,
          -0.15481900279239835,
          -0.1985893559031376,
          0.27101577566368484,
          -0.263967107755179,
          0.3172219676785086,
          0.5054087295987787,
          -1.3197869803042805,
          0.38217853767163434,
          0.45635654700192596,
          -0.26119986667089407,
          -0.6027381094469486,
          -1.1642002645102174,
          1.167471872283652
        ],
        "blocks": [
          "bottleneck",
          "dense",
          "soft_mix",
          "noise_cond",
          "dual_path",
          "moe_mix"
        ],
        "use_adv_aux": true,
        "moe_mode": "moe_parallel"
      },
      "hp": {
        "lr": 0.009319228784732313,
        "fit_steps": 64,
        "batch": 48,
        "entropy_coef": 0.06738772800345397,
        "ppo_clip": 0.25000000000000006,