{
  "no_bake": 0.8674694895744324,
  "dual_cosine": 0.7846347093582153,
  "soft_periodize_hann": 0.770349383354187,
  "linear_fade": 0.7928553819656372,
  "endpoint_pin_mean": 0.798958957195282,
  "seam_fir3": 0.7864798307418823,
  "cot_linear_periodize": 0.8674694895744324,
  "cot_cubic_then_dualcosine": 0.7846347093582153,
  "ours_hybrid_lstm": 0.870513379573822
}